[{"title":"How I Live Now","author":"Eric Klarzynski","publishYear":1993,"ISBN":"4926957590","type":"diners-club-enroute"},
{"title":"Abominable Dr. Phibes, The","author":"Aileen Biss","publishYear":1985,"ISBN":"4367431835","type":"diners-club-enroute"},
{"title":"Greatest, The","author":"Berkeley Robken","publishYear":2013,"ISBN":"0127066659","type":"laser"},
{"title":"Stolen Seas","author":"Kipper Wickins","publishYear":1995,"ISBN":"5798862399","type":"jcb"},
{"title":"Lapland Odyssey (Napapiirin sankarit)","author":"Sarah Reynish","publishYear":2002,"ISBN":"5221721082","type":"jcb"},
{"title":"Rampage","author":"Crissie Millmore","publishYear":2005,"ISBN":"6464451804","type":"americanexpress"},
{"title":"Funny Games","author":"Madlin Rissen","publishYear":1998,"ISBN":"0993979351","type":"jcb"},
{"title":"Blossoming of Maximo Oliveros, The (Ang pagdadalaga ni Maximo Oliveros)","author":"Quintana Rubinshtein","publishYear":1963,"ISBN":"0061087777","type":"jcb"},
{"title":"Nowhere to Hide (Injeong sajeong bol geot eobtda)","author":"Evangelina Postlethwaite","publishYear":2004,"ISBN":"1041369999","type":"laser"},
{"title":"Animal Crackers","author":"Wally Somersett","publishYear":2004,"ISBN":"5121187912","type":"diners-club-enroute"},
{"title":"Troy","author":"Reeba Meynell","publishYear":1998,"ISBN":"8390593998","type":"bankcard"},
{"title":"Time in the Minors","author":"Sunny Davage","publishYear":2003,"ISBN":"7136957915","type":"jcb"},
{"title":"Gigantic (A Tale of Two Johns)","author":"Pattie Truman","publishYear":2008,"ISBN":"7136942144","type":"diners-club-carte-blanche"},
{"title":"Ace Attorney (Gyakuten saiban)","author":"Tedie Peoples","publishYear":1988,"ISBN":"5458863860","type":"visa"},
{"title":"Wild Reeds (Les roseaux sauvages)","author":"Dwight McQueen","publishYear":2003,"ISBN":"1731580266","type":"diners-club-carte-blanche"},
{"title":"Sleeping Beauty","author":"Welby Feak","publishYear":2003,"ISBN":"5984149443","type":"maestro"},
{"title":"Someone's Gaze","author":"Van Happer","publishYear":1992,"ISBN":"5723542117","type":"jcb"},
{"title":"Wiz, The","author":"Sergei Moisey","publishYear":1995,"ISBN":"5436765211","type":"bankcard"},
{"title":"Turbo","author":"Jerrome Puleston","publishYear":2009,"ISBN":"0589959646","type":"jcb"},
{"title":"Election","author":"Ethelin McLucky","publishYear":2010,"ISBN":"5807467299","type":"laser"},
{"title":"Confessions of a Window Cleaner","author":"Helaine Colrein","publishYear":2002,"ISBN":"0313737118","type":"visa-electron"},
{"title":"Jealousy","author":"Julienne Fallis","publishYear":2007,"ISBN":"2619820286","type":"solo"},
{"title":"Kopps","author":"Emera Mosey","publishYear":2004,"ISBN":"6978664944","type":"jcb"},
{"title":"Emma","author":"Perla Giovannacc@i","publishYear":1997,"ISBN":"9761769038","type":"mastercard"},
{"title":"Rosario Tijeras","author":"Darcee Budgey","publishYear":2008,"ISBN":"2059730333","type":"jcb"},
{"title":"Street with No Name, The","author":"Floyd Edelmann","publishYear":2005,"ISBN":"3809850098","type":"bankcard"},
{"title":"Whirlpool","author":"Patrizio Alonso","publishYear":1996,"ISBN":"8561634200","type":"jcb"},
{"title":"Mindhunters","author":"Prisca Siggers","publishYear":2008,"ISBN":"2066274194","type":"jcb"},
{"title":"Bolt","author":"Nicol Caughey","publishYear":2008,"ISBN":"8557201931","type":"jcb"},
{"title":"Clearing, The","author":"Polly Braybrookes","publishYear":2008,"ISBN":"1321906285","type":"solo"},
{"title":"Beverly Hills Cop II","author":"Davis Hars","publishYear":1984,"ISBN":"1467040266","type":"jcb"},
{"title":"Fish Tank","author":"Keriann Barnwell","publishYear":1988,"ISBN":"6650323241","type":"switch"},
{"title":"Line King: The Al Hirschfeld Story, The","author":"Lemmie Persse","publishYear":1991,"ISBN":"3751161171","type":"mastercard"},
{"title":"Dukes of Hazzard, The","author":"Jim Crocket","publishYear":2005,"ISBN":"7231396291","type":"jcb"},
{"title":"Ghosts of Girlfriends Past","author":"Raoul Eastridge","publishYear":2006,"ISBN":"0167458701","type":"diners-club-enroute"},
{"title":"Mo","author":"Ilario Crofthwaite","publishYear":1993,"ISBN":"6882188513","type":"diners-club-enroute"},
{"title":"Widow of St. Pierre, The (Veuve de Saint-Pierre, La)","author":"Samaria Vasilyonok","publishYear":2002,"ISBN":"2620549728","type":"maestro"},
{"title":"Brink's Job, The","author":"Gary Dumblton","publishYear":2005,"ISBN":"2720147575","type":"jcb"},
{"title":"Good Day to Die Hard, A","author":"Maximilian Easun","publishYear":2000,"ISBN":"2379447403","type":"maestro"},
{"title":"Healing","author":"Corrina Blessed","publishYear":2010,"ISBN":"4075780503","type":"jcb"},
{"title":"Raggedy Man","author":"Deidre Tupie","publishYear":2004,"ISBN":"6257123429","type":"switch"},
{"title":"My Stepmother Is an Alien","author":"Dulcia Bennett","publishYear":2009,"ISBN":"1735319953","type":"mastercard"},
{"title":"Bugs Bunny's Looney Christmas Tales","author":"Barnard Trenchard","publishYear":1997,"ISBN":"1988738873","type":"mastercard"},
{"title":"State of Emergency","author":"Emanuele Whisson","publishYear":1984,"ISBN":"2144292787","type":"maestro"},
{"title":"Robin Hood","author":"Mac Dimitrov","publishYear":2011,"ISBN":"3918609987","type":"bankcard"},
{"title":"Yes","author":"Alfred Lethebridge","publishYear":2000,"ISBN":"6778060042","type":"jcb"},
{"title":"Prison Break: The Final Break","author":"Carlynn Baxandall","publishYear":2002,"ISBN":"3580444581","type":"jcb"},
{"title":"Atalante, L'","author":"Gothart Rosenvasser","publishYear":2000,"ISBN":"8036830280","type":"jcb"},
{"title":"Maps to the Stars","author":"Alvira De Carolis","publishYear":2013,"ISBN":"6896479442","type":"diners-club-carte-blanche"},
{"title":"Electric Horseman, The","author":"Eleonora Donnachie","publishYear":2000,"ISBN":"1401990207","type":"switch"},
{"title":"Impostor","author":"Marilin Killeen","publishYear":1988,"ISBN":"3010661142","type":"mastercard"},
{"title":"Death to Smoochy","author":"Dunn Rosengren","publishYear":1993,"ISBN":"8553326330","type":"jcb"},
{"title":"Burnt Money (Plata Quemada)","author":"Minor Kirstein","publishYear":2009,"ISBN":"2841688259","type":"visa-electron"},
{"title":"Stop! Or My Mom Will Shoot","author":"Jemmy Silverston","publishYear":1990,"ISBN":"4753427684","type":"americanexpress"},
{"title":"La Bandera","author":"Gordan Lamond","publishYear":2000,"ISBN":"0753554488","type":"china-unionpay"},
{"title":"Passionada","author":"Niels Kares","publishYear":2001,"ISBN":"1883885175","type":"jcb"},
{"title":"Rain People, The","author":"Adrian Vernall","publishYear":2010,"ISBN":"8922889454","type":"jcb"},
{"title":"Jay and Silent Bob Go Down Under","author":"Dixie Streets","publishYear":1995,"ISBN":"7976259873","type":"maestro"},
{"title":"Gloria","author":"Julina Cullnean","publishYear":2004,"ISBN":"9991553630","type":"jcb"},
{"title":"Asphalt Playground (La cité rose)","author":"Nero Santhouse","publishYear":2010,"ISBN":"2790793492","type":"mastercard"},
{"title":"Decalogue, The (Dekalog)","author":"Herrick Schneidar","publishYear":1993,"ISBN":"3415926273","type":"jcb"},
{"title":"Tae Guk Gi: The Brotherhood of War (Taegukgi hwinalrimyeo)","author":"Raine Mullis","publishYear":1985,"ISBN":"5763340469","type":"diners-club-carte-blanche"},
{"title":"Imposter, The","author":"Blondie Gail","publishYear":2009,"ISBN":"0366603760","type":"switch"},
{"title":"Love Is a Woman (Death Is a Woman)","author":"Valaree Simonetti","publishYear":1998,"ISBN":"4582200435","type":"diners-club-carte-blanche"},
{"title":"Confidentially Connie","author":"Dulci Castilljo","publishYear":2011,"ISBN":"2930007532","type":"jcb"},
{"title":"House","author":"Aeriel Mannakee","publishYear":1992,"ISBN":"7818368000","type":"diners-club-enroute"},
{"title":"Koyaanisqatsi (a.k.a. Koyaanisqatsi: Life Out of Balance)","author":"Cam Orrell","publishYear":2010,"ISBN":"5875296445","type":"jcb"},
{"title":"7 Women (a.k.a. Seven Women)","author":"Sonia Duffan","publishYear":2010,"ISBN":"8128834223","type":"maestro"},
{"title":"Red Dust","author":"Francklin Lawful","publishYear":2009,"ISBN":"3116592039","type":"jcb"},
{"title":"Fright Night Part II","author":"Winnie Dispencer","publishYear":2006,"ISBN":"9969863983","type":"jcb"},
{"title":"Shadowlands","author":"Allie Ide","publishYear":1986,"ISBN":"9128252683","type":"jcb"},
{"title":"Jailbait","author":"Ursa Murrison","publishYear":2008,"ISBN":"5816502557","type":"jcb"},
{"title":"The Stone Council","author":"Catherine Toplis","publishYear":2005,"ISBN":"9932277649","type":"mastercard"},
{"title":"The Evictors","author":"Claresta Poundsford","publishYear":2012,"ISBN":"6983504712","type":"jcb"},
{"title":"His Name Was Jason: 30 Years of Friday the 13th","author":"Lindsay Monks","publishYear":2000,"ISBN":"3191444068","type":"instapayment"},
{"title":"Seducing Mr. Perfect","author":"Alisha Mordin","publishYear":1998,"ISBN":"7598660506","type":"jcb"},
{"title":"Gorgeous (Boh lee chun)","author":"Maggy Sandland","publishYear":1998,"ISBN":"0086405551","type":"jcb"},
{"title":"Cold Prey (Fritt Vilt)","author":"Vick Maffetti","publishYear":1985,"ISBN":"3100636333","type":"switch"},
{"title":"New Life, A (La vie nouvelle)","author":"Maighdiln Dundendale","publishYear":2009,"ISBN":"3401458175","type":"jcb"},
{"title":"Ultimate Warrior, The","author":"Alicia Ardley","publishYear":1967,"ISBN":"2301142299","type":"china-unionpay"},
{"title":"Constantine","author":"Constantine Hessay","publishYear":1992,"ISBN":"6562426987","type":"jcb"},
{"title":"Gun Fury","author":"Myrtia Prattington","publishYear":2006,"ISBN":"0422014877","type":"diners-club-us-ca"},
{"title":"Beneath Hill 60","author":"Noni Aloway","publishYear":2004,"ISBN":"4975511762","type":"maestro"},
{"title":"Hillbillys in a Haunted House","author":"Lorry Cracoe","publishYear":1997,"ISBN":"7733938627","type":"jcb"},
{"title":"Name for Evil, A","author":"Rollie Serjeantson","publishYear":1994,"ISBN":"5530091423","type":"jcb"},
{"title":"Girl with Green Eyes","author":"Torey West-Frimley","publishYear":1989,"ISBN":"9674475281","type":"diners-club-enroute"},
{"title":"Adjustment Bureau, The","author":"Antonia Rabbatts","publishYear":2008,"ISBN":"1416734236","type":"mastercard"},
{"title":"La guerre des tuques","author":"Barbaraanne Coleby","publishYear":1996,"ISBN":"4714253301","type":"visa"},
{"title":"Meet Joe Black","author":"Jaclin Letixier","publishYear":2007,"ISBN":"0107904683","type":"bankcard"},
{"title":"Best Man, The","author":"Brittney Kuzemka","publishYear":2008,"ISBN":"6112917009","type":"jcb"},
{"title":"Saratov Approach, The","author":"Lorene Bault","publishYear":2009,"ISBN":"2231118068","type":"instapayment"},
{"title":"Landscape with a Woman (Zena s krajolikom)","author":"Moria Celes","publishYear":2008,"ISBN":"6796714555","type":"laser"},
{"title":"Aya of Yop City","author":"Gaylor Nassey","publishYear":2006,"ISBN":"4866750340","type":"jcb"},
{"title":"Deathdream (a.k.a. Dead of Night)","author":"Sydney Crat","publishYear":2010,"ISBN":"0470087730","type":"jcb"},
{"title":"Horrible Dr. Hichcock, The","author":"Tiphani Hair","publishYear":2002,"ISBN":"3773867492","type":"jcb"},
{"title":"Big City, The (Mahanagar)","author":"Carolus Ewings","publishYear":1993,"ISBN":"2501753976","type":"jcb"},
{"title":"Bill Burr: You People Are All the Same","author":"Lonny McElrath","publishYear":2010,"ISBN":"3604547814","type":"jcb"},
{"title":"Lipstick","author":"Christiane Cammack","publishYear":2011,"ISBN":"5643591111","type":"mastercard"},
{"title":"Where the Sidewalk Ends","author":"Brocky Jenckes","publishYear":1997,"ISBN":"7516588121","type":"diners-club-enroute"},
{"title":"Beautiful Girl","author":"Normie Chettle","publishYear":2010,"ISBN":"8005434278","type":"jcb"},
{"title":"He Knows You're Alone (a.k.a. Blood Wedding)","author":"Irma Alderton","publishYear":2012,"ISBN":"9546011169","type":"jcb"},
{"title":"NeverEnding Story, The","author":"Romonda Bucknell","publishYear":1995,"ISBN":"7543606933","type":"jcb"},
{"title":"Fawlty Towers (1975-1979)","author":"Ermengarde Condict","publishYear":1999,"ISBN":"7499056406","type":"jcb"},
{"title":"Die, Monster, Die!","author":"Biddy Layfield","publishYear":1990,"ISBN":"1656314290","type":"jcb"},
{"title":"Scandal Sheet","author":"Malory Edgecumbe","publishYear":1994,"ISBN":"2921264935","type":"jcb"},
{"title":"Shock Corridor","author":"Karrah Shouler","publishYear":1995,"ISBN":"9791959811","type":"maestro"},
{"title":"King's Speech, The","author":"Ruddie McFall","publishYear":2010,"ISBN":"1759935441","type":"jcb"},
{"title":"Beethoven's 3rd","author":"Bernardo Malin","publishYear":2009,"ISBN":"7989625075","type":"jcb"},
{"title":"Bad Education (La mala educación)","author":"Mickie Douche","publishYear":2006,"ISBN":"8404165564","type":"jcb"},
{"title":"Warrior and the Sorceress, The","author":"Ralph Osichev","publishYear":1999,"ISBN":"5744668306","type":"jcb"},
{"title":"Kidnapping Mr. Heineken","author":"Delano McEvilly","publishYear":1997,"ISBN":"4741757617","type":"jcb"},
{"title":"Love Letter, The","author":"Natka McGloughlin","publishYear":1987,"ISBN":"6538163327","type":"diners-club-carte-blanche"},
{"title":"Thunder Bay","author":"Nickie Bounde","publishYear":1998,"ISBN":"3038090166","type":"jcb"},
{"title":"Sydney (Hard Eight)","author":"Dorelle Ennor","publishYear":2004,"ISBN":"8744775075","type":"laser"},
{"title":"Gallipoli","author":"Rowan Cramer","publishYear":2010,"ISBN":"2786282136","type":"jcb"},
{"title":"E=mc2","author":"Randa Hewins","publishYear":1999,"ISBN":"5282821575","type":"jcb"},
{"title":"Violent Years, The","author":"Camella Bolstridge","publishYear":2010,"ISBN":"1430695099","type":"visa-electron"},
{"title":"American Reunion (American Pie 4)","author":"Leroy Northcote","publishYear":2003,"ISBN":"7992510615","type":"bankcard"},
{"title":"Howard Zinn: You Can't Be Neutral on a Moving Train","author":"Nerta Zanitti","publishYear":1983,"ISBN":"2294904559","type":"mastercard"},
{"title":"Agnes Browne","author":"Davie Flukes","publishYear":1987,"ISBN":"7213248928","type":"maestro"},
{"title":"Gurren Lagann: Childhood's End (Gekijô ban Tengen toppa guren ragan: Guren hen)","author":"Maurizio Lindenblatt","publishYear":2008,"ISBN":"6988275207","type":"jcb"},
{"title":"Garfield's Pet Force","author":"Linnea Wyleman","publishYear":2008,"ISBN":"7623790099","type":"diners-club-us-ca"},
{"title":"Dr Money and the Boy with No Penis","author":"Layne Hurlestone","publishYear":2005,"ISBN":"3443901999","type":"jcb"},
{"title":"Private School","author":"Rowena Biglin","publishYear":2006,"ISBN":"8059063820","type":"jcb"},
{"title":"Tears of Steel","author":"Lonna Matieu","publishYear":2008,"ISBN":"2688796119","type":"americanexpress"},
{"title":"S.W.A.T.: Firefight","author":"Vivyan Koppeck","publishYear":2008,"ISBN":"0976930676","type":"jcb"},
{"title":"Casper","author":"Marjorie Gillyett","publishYear":2007,"ISBN":"3412938467","type":"jcb"},
{"title":"Boom!","author":"Jeno Keuneke","publishYear":1996,"ISBN":"7896004690","type":"americanexpress"},
{"title":"Phantasm II","author":"Brynne MacHostie","publishYear":1996,"ISBN":"3460587679","type":"jcb"},
{"title":"Raja","author":"Faith O'Doherty","publishYear":1993,"ISBN":"2663145742","type":"jcb"},
{"title":"King Kong Lives","author":"Buiron Findlay","publishYear":2011,"ISBN":"3670378154","type":"mastercard"},
{"title":"The Best of Me","author":"Doris Knapp","publishYear":1994,"ISBN":"3082711294","type":"diners-club-enroute"},
{"title":"South Park: Imaginationland","author":"Georgi Pinkard","publishYear":1996,"ISBN":"8084692267","type":"mastercard"},
{"title":"Doc Hollywood","author":"Teodorico Sara","publishYear":2000,"ISBN":"0746241380","type":"americanexpress"},
{"title":"Endeavour","author":"Man Chesshyre","publishYear":1993,"ISBN":"4778815041","type":"diners-club-carte-blanche"},
{"title":"Silent Partner, The","author":"Reidar Kelby","publishYear":1986,"ISBN":"1001431464","type":"diners-club-carte-blanche"},
{"title":"Act of Killing, The","author":"Art Bonallack","publishYear":1993,"ISBN":"5717509987","type":"diners-club-carte-blanche"},
{"title":"Versus","author":"Tracie Mahedy","publishYear":2013,"ISBN":"7069080735","type":"jcb"},
{"title":"Rubber","author":"Zorina Willows","publishYear":2006,"ISBN":"7564564571","type":"diners-club-international"},
{"title":"Love and a Bullet","author":"Anthe Salter","publishYear":2005,"ISBN":"8880207989","type":"maestro"},
{"title":"What Happened, Miss Simone?","author":"Talyah Grimsdike","publishYear":2002,"ISBN":"1003503063","type":"jcb"},
{"title":"George Carlin: Life Is Worth Losing","author":"Nadine Cawsy","publishYear":1993,"ISBN":"2650369949","type":"diners-club-enroute"},
{"title":"Sukiyaki Western Django","author":"Alexandrina McColm","publishYear":2010,"ISBN":"5986423143","type":"switch"},
{"title":"Life or Something Like It","author":"Gordan Annies","publishYear":2012,"ISBN":"7612800012","type":"maestro"},
{"title":"Crowd Roars, The","author":"Rea Dabell","publishYear":2012,"ISBN":"7265199278","type":"americanexpress"},
{"title":"Antichrist","author":"Arnoldo Elkins","publishYear":2003,"ISBN":"4704355691","type":"mastercard"},
{"title":"Ringu 2 (Ring 2)","author":"Nadya Bawme","publishYear":2003,"ISBN":"0841973911","type":"jcb"},
{"title":"Three Monkeys (Üç maymun)","author":"Raviv Ladyman","publishYear":2012,"ISBN":"5605495593","type":"jcb"},
{"title":"They Were Expendable","author":"Georgy Gomersal","publishYear":2006,"ISBN":"1255355077","type":"jcb"},
{"title":"Mad Dog Coll","author":"Brandtr Burn","publishYear":1991,"ISBN":"6164857368","type":"diners-club-carte-blanche"},
{"title":"Big Doll House, The","author":"Ray Ruggles","publishYear":1977,"ISBN":"6680133661","type":"jcb"},
{"title":"Norma Jean & Marilyn","author":"Rosalinde Frushard","publishYear":2008,"ISBN":"5205492783","type":"switch"},
{"title":"Western Union","author":"Kristo McCurrie","publishYear":1995,"ISBN":"6972062063","type":"jcb"},
{"title":"War of the Buttons","author":"Cyrus D'Elia","publishYear":2009,"ISBN":"5708063904","type":"diners-club-carte-blanche"},
{"title":"Sincerely Yours","author":"Becky Gabbot","publishYear":2011,"ISBN":"0437049183","type":"americanexpress"},
{"title":"Dirty Dozen: The Deadly Mission","author":"Alicia Abrahart","publishYear":2011,"ISBN":"7820905778","type":"maestro"},
{"title":"The Kiss","author":"Umberto Strong","publishYear":2005,"ISBN":"6354988250","type":"mastercard"},
{"title":"Bloody Pit of Horror (Il boia scarlatto) (Virgins for the Hangman)","author":"Ora Risebarer","publishYear":2012,"ISBN":"1598734679","type":"visa-electron"},
{"title":"Miss Minoes","author":"Florencia Fevers","publishYear":2000,"ISBN":"5435015812","type":"jcb"},
{"title":"Authors Anonymous","author":"Kati Euesden","publishYear":2013,"ISBN":"2369471379","type":"maestro"},
{"title":"Yankee Zulu","author":"Dodie Gerhardt","publishYear":2003,"ISBN":"8303204017","type":"americanexpress"},
{"title":"Ghost in the Shell 2: Innocence (a.k.a. Innocence) (Inosensu)","author":"Hesther Taggerty","publishYear":2004,"ISBN":"6513981905","type":"maestro"},
{"title":"Ricky Gervais Live 2: Politics","author":"Tawsha Kwietek","publishYear":1984,"ISBN":"9096049284","type":"jcb"},
{"title":"Harakiri (Seppuku)","author":"Ethe Pieper","publishYear":2004,"ISBN":"2285132360","type":"maestro"},
{"title":"St. George Shoots the Dragon (Sveti Georgije ubiva azdahu)","author":"Orsa Farrimond","publishYear":2009,"ISBN":"1212982304","type":"jcb"},
{"title":"Affliction","author":"Pris Slarke","publishYear":1984,"ISBN":"1945177500","type":"jcb"},
{"title":"Run Fatboy Run","author":"Allan O'Hartagan","publishYear":1987,"ISBN":"2402322225","type":"solo"},
{"title":"Song of the Exile (Ke tu qiu hen)","author":"Olenka MacCostye","publishYear":1990,"ISBN":"9246676556","type":"jcb"},
{"title":"Crisis","author":"Merrily Anan","publishYear":2008,"ISBN":"4066751407","type":"jcb"},
{"title":"Man from Planet X, The","author":"Gare Hattoe","publishYear":2004,"ISBN":"5917516146","type":"mastercard"},
{"title":"24 Hour Woman, The","author":"Chelsae Glyn","publishYear":2008,"ISBN":"4681862630","type":"mastercard"},
{"title":"Satan's Sword (Daibosatsu tôge)","author":"Marcille Brackstone","publishYear":2009,"ISBN":"0709932472","type":"switch"},
{"title":"Burn Paris Burn","author":"Elysee Watton","publishYear":2008,"ISBN":"5736779048","type":"maestro"},
{"title":"Plastic Paradise: The Great Pacific Garbage Patch","author":"Timothea Rodda","publishYear":1996,"ISBN":"8212475344","type":"bankcard"},
{"title":"Woo","author":"Chelsie Stepney","publishYear":2005,"ISBN":"5532026785","type":"jcb"},
{"title":"Murder, Inc.","author":"Halsey Wellesley","publishYear":1995,"ISBN":"8002203364","type":"jcb"},
{"title":"School of Flesh, The (École de la chair, L')","author":"Duky Kingescot","publishYear":2011,"ISBN":"0549550259","type":"visa-electron"},
{"title":"New World (Shin-sae-gye)","author":"Cherida Jovis","publishYear":2000,"ISBN":"9230893161","type":"instapayment"},
{"title":"Judgment in Berlin","author":"Joya Isham","publishYear":1989,"ISBN":"8797545600","type":"jcb"},
{"title":"Louis C.K.: Hilarious","author":"Lesley Aikenhead","publishYear":2005,"ISBN":"1364004089","type":"maestro"},
{"title":"One Magic Christmas","author":"Thain Blakeney","publishYear":1994,"ISBN":"0901416789","type":"jcb"},
{"title":"Kapitalism: Our Improved Formula (Kapitalism - Reteta noastra secreta)","author":"Tuck Levy","publishYear":2011,"ISBN":"3696731471","type":"jcb"},
{"title":"Of Gods and Men (Des hommes et des dieux)","author":"Valida Middlehurst","publishYear":1992,"ISBN":"8351155292","type":"solo"},
{"title":"Women on the 6th Floor, The (Les Femmes du 6ème Étage)","author":"Thaddus Earley","publishYear":1997,"ISBN":"0254959687","type":"jcb"},
{"title":"Happy Tears","author":"Travus Rainsbury","publishYear":1992,"ISBN":"6729741090","type":"china-unionpay"},
{"title":"Miracles","author":"Frasquito Gobell","publishYear":2010,"ISBN":"3808618876","type":"maestro"},
{"title":"Raja","author":"Titos Harfleet","publishYear":2003,"ISBN":"1821117255","type":"switch"},
{"title":"Indian Summer (a.k.a. The Professor) (La prima notte di quiete)","author":"Aksel Walls","publishYear":2003,"ISBN":"1312723513","type":"americanexpress"},
{"title":"Smoke Signals","author":"Aura Spillman","publishYear":2007,"ISBN":"9946570343","type":"jcb"},
{"title":"Turn of Faith","author":"Adan Ferrieroi","publishYear":2011,"ISBN":"8333393128","type":"mastercard"},
{"title":"Stan Helsing","author":"Jesus Tideswell","publishYear":2008,"ISBN":"3947264895","type":"mastercard"},
{"title":"112 Weddings","author":"Trina Pickford","publishYear":2004,"ISBN":"8858995325","type":"mastercard"},
{"title":"Family Jewels, The (Eierdiebe)","author":"Issy Eake","publishYear":1998,"ISBN":"1144198429","type":"bankcard"},
{"title":"Bride Came C.O.D., The","author":"Morgen Pinches","publishYear":2004,"ISBN":"5460874254","type":"jcb"},
{"title":"Rose Tattoo, The","author":"Daniella Whitwam","publishYear":2007,"ISBN":"0311856675","type":"jcb"},
{"title":"Pan's Labyrinth (Laberinto del fauno, El)","author":"Cathyleen Scorton","publishYear":2011,"ISBN":"3550012500","type":"china-unionpay"},
{"title":"Terminator Salvation","author":"Bjorn Aberdeen","publishYear":1998,"ISBN":"2367010048","type":"americanexpress"},
{"title":"Privates on Parade","author":"Gretel Kebell","publishYear":1986,"ISBN":"6932694859","type":"jcb"},
{"title":"Otakus in Love","author":"Karna Anthony","publishYear":1990,"ISBN":"9820348781","type":"laser"},
{"title":"Girl on a Motorcycle, The","author":"Viviene Cartmail","publishYear":1997,"ISBN":"7083618771","type":"americanexpress"},
{"title":"White Fang (Zanna Bianca)","author":"Maggie Hoyles","publishYear":2007,"ISBN":"2192928572","type":"mastercard"},
{"title":"Book of Shadows: Blair Witch 2","author":"Friederike Boston","publishYear":2003,"ISBN":"1438160941","type":"mastercard"},
{"title":"Such Good Friends","author":"Lyell Crabbe","publishYear":2010,"ISBN":"2209583470","type":"jcb"},
{"title":"The Count of Monte Cristo","author":"Margit Lewin","publishYear":1994,"ISBN":"1277949867","type":"jcb"},
{"title":"Finding Vivian Maier","author":"Banky Platfoot","publishYear":1997,"ISBN":"7145855461","type":"laser"},
{"title":"Reuben, Reuben","author":"Corbet Parkin","publishYear":2006,"ISBN":"2018690973","type":"jcb"},
{"title":"Star 80","author":"Maud Hallgath","publishYear":1992,"ISBN":"3934705758","type":"jcb"},
{"title":"Unbreakable","author":"Con Spafford","publishYear":2002,"ISBN":"1908275294","type":"china-unionpay"},
{"title":"And the Ship Sails On (E la nave va)","author":"Ange Sweetsur","publishYear":1998,"ISBN":"0601103297","type":"instapayment"},
{"title":"Johnny English Reborn","author":"Inna Aslin","publishYear":1992,"ISBN":"9347015458","type":"maestro"},
{"title":"High Sierra","author":"Violetta St. Clair","publishYear":1985,"ISBN":"7436020544","type":"mastercard"},
{"title":"Fearless Freaks, The","author":"Arel Casin","publishYear":2008,"ISBN":"3844053921","type":"jcb"},
{"title":"Twilight of the Golds, The","author":"Barrie Bedle","publishYear":1984,"ISBN":"4210969389","type":"diners-club-carte-blanche"},
{"title":"Bedtime Story","author":"Dennison Aslin","publishYear":1965,"ISBN":"0917891309","type":"laser"},
{"title":"Talk of Angels","author":"Ferrell Reglar","publishYear":1993,"ISBN":"9630614340","type":"visa-electron"},
{"title":"Prime Suspect 2","author":"Catlin Footitt","publishYear":2007,"ISBN":"5726920295","type":"diners-club-carte-blanche"},
{"title":"Fausto","author":"Janey Guilleton","publishYear":1999,"ISBN":"9928491003","type":"mastercard"},
{"title":"Rock & Rule","author":"Brandice George","publishYear":1987,"ISBN":"4188347082","type":"americanexpress"},
{"title":"Intruder, The","author":"Tomkin Bottoner","publishYear":2008,"ISBN":"0236203673","type":"jcb"},
{"title":"Gandhi","author":"Emerson Orteau","publishYear":2011,"ISBN":"8328932326","type":"jcb"},
{"title":"Hybrid","author":"Katie Rude","publishYear":2008,"ISBN":"9501761320","type":"visa"},
{"title":"Too Much Sleep","author":"Alexa Castelyn","publishYear":1993,"ISBN":"7349408951","type":"mastercard"},
{"title":"Second Best","author":"Luce Pollastro","publishYear":1997,"ISBN":"1071354019","type":"bankcard"},
{"title":"Good Morning (Ohayô)","author":"Man Keenan","publishYear":1988,"ISBN":"4958321985","type":"jcb"},
{"title":"Hills Have Eyes, The","author":"Marlo Gowan","publishYear":1993,"ISBN":"9442268228","type":"jcb"},
{"title":"Unholy Rollers, The","author":"Harlie Fateley","publishYear":2012,"ISBN":"0827241445","type":"jcb"},
{"title":"On the Job","author":"Sam Laverock","publishYear":1990,"ISBN":"6412428879","type":"jcb"},
{"title":"Black Gold","author":"My Heskins","publishYear":1986,"ISBN":"2511835312","type":"jcb"},
{"title":"Mozart and the Whale","author":"Zorana Suggate","publishYear":2004,"ISBN":"9167388140","type":"mastercard"},
{"title":"Cincinnati Kid, The","author":"Stephanie McLagan","publishYear":2001,"ISBN":"8505509374","type":"jcb"},
{"title":"Roberto Succo","author":"Maury Diboll","publishYear":1986,"ISBN":"4064496760","type":"switch"},
{"title":"Endurance","author":"Damita Fauguel","publishYear":1998,"ISBN":"7508655184","type":"americanexpress"},
{"title":"Super High Me","author":"Micaela Craighall","publishYear":2008,"ISBN":"0623836505","type":"jcb"},
{"title":"Homeward Bound: The Incredible Journey","author":"Sephira McGrail","publishYear":2002,"ISBN":"0398618747","type":"maestro"},
{"title":"Daisy","author":"Josee McCloid","publishYear":1994,"ISBN":"3928247948","type":"switch"},
{"title":"Won't Back Down","author":"Alastair Mapis","publishYear":2002,"ISBN":"9687651059","type":"mastercard"},
{"title":"Manny","author":"Claudian Amort","publishYear":2007,"ISBN":"2904028935","type":"jcb"},
{"title":"Living Free","author":"Austine Barks","publishYear":1994,"ISBN":"1036451313","type":"visa-electron"},
{"title":"Kickin It Old Skool","author":"Barnard Cristofolo","publishYear":1999,"ISBN":"4708400888","type":"jcb"},
{"title":"To the Shores of Tripoli","author":"Manon Rundle","publishYear":2002,"ISBN":"1549075586","type":"jcb"},
{"title":"33 Postcards","author":"Cleon Culpen","publishYear":1992,"ISBN":"8413988292","type":"jcb"},
{"title":"American Horror House (Sorority Horror House)","author":"Rosabella Spur","publishYear":2000,"ISBN":"7737106898","type":"jcb"},
{"title":"Burma VJ: Reporting from a Closed Country (Burma VJ: Reporter i et lukket land)","author":"Rosemary MacAnespie","publishYear":2009,"ISBN":"1385844507","type":"jcb"},
{"title":"Captive (Cautiva) ","author":"Ab Beaten","publishYear":2010,"ISBN":"9124129496","type":"maestro"},
{"title":"Pool, The (Swimming Pool - Der Tod feiert mit) ","author":"Natasha Traynor","publishYear":1993,"ISBN":"9012031567","type":"jcb"},
{"title":"Mighty Joe Young","author":"Paxton Bertolin","publishYear":2011,"ISBN":"1219918156","type":"diners-club-us-ca"},
{"title":"Homicide","author":"Holt Wroth","publishYear":2007,"ISBN":"5444644916","type":"jcb"},
{"title":"My Cousin Rachel","author":"Vachel Scothern","publishYear":1994,"ISBN":"8369746284","type":"maestro"},
{"title":"Loft","author":"Devland Dansken","publishYear":2004,"ISBN":"9992958340","type":"diners-club-us-ca"},
{"title":"Cat and the Canary, The","author":"Corine Garric","publishYear":2008,"ISBN":"9096616227","type":"diners-club-carte-blanche"},
{"title":"Drift","author":"Bertha Vanderplas","publishYear":2000,"ISBN":"3580004182","type":"jcb"},
{"title":"9 Month Stretch (9 mois ferme)","author":"Abbott Girth","publishYear":2004,"ISBN":"9981128465","type":"americanexpress"},
{"title":"Khartoum","author":"Mel Doelle","publishYear":2004,"ISBN":"9865845520","type":"jcb"},
{"title":"Prince of Foxes","author":"Ariadne Dik","publishYear":1994,"ISBN":"8229920281","type":"jcb"},
{"title":"21","author":"Chalmers Schruyers","publishYear":1991,"ISBN":"2295574366","type":"switch"},
{"title":"Deep, The","author":"Laurice Shernock","publishYear":2011,"ISBN":"0186207719","type":"jcb"},
{"title":"No Holds Barred","author":"Inessa Peotz","publishYear":1991,"ISBN":"8493494844","type":"jcb"},
{"title":"Burke and Hare","author":"Kaitlyn Gowanlock","publishYear":1991,"ISBN":"8969377670","type":"jcb"},
{"title":"World Traveler","author":"Shalna Blaza","publishYear":1985,"ISBN":"5973965937","type":"diners-club-enroute"},
{"title":"Storm","author":"Alvy Anespie","publishYear":1986,"ISBN":"6070477650","type":"switch"},
{"title":"Exorcist II: The Heretic","author":"Christian De Dantesie","publishYear":1999,"ISBN":"3475751291","type":"switch"},
{"title":"Sphere","author":"Mame Delwater","publishYear":2008,"ISBN":"7287599074","type":"jcb"},
{"title":"Hud","author":"Vivie Midner","publishYear":1994,"ISBN":"0072281855","type":"jcb"},
{"title":"41-Year-Old Virgin Who Knocked Up Sarah Marshall and Felt Superbad About It, The","author":"Joan Keddy","publishYear":2008,"ISBN":"0528765507","type":"solo"},
{"title":"Cardinal, The","author":"Orelle Crowter","publishYear":1997,"ISBN":"6266914549","type":"jcb"},
{"title":"Warm Water Under a Red Bridge (Akai hashi no shita no nurui mizu)","author":"Christye Capps","publishYear":2004,"ISBN":"6314572959","type":"laser"},
{"title":"Woodstock","author":"Ari Andrassy","publishYear":1999,"ISBN":"7722882161","type":"jcb"},
{"title":"Heli","author":"Alberik Meake","publishYear":1972,"ISBN":"7142864923","type":"jcb"},
{"title":"Man on a Mission: Richard Garriott's Road to the Stars","author":"Allard Guthrum","publishYear":1997,"ISBN":"2429348322","type":"switch"},
{"title":"Shadowboxer","author":"Diane-marie Krol","publishYear":2003,"ISBN":"7558053498","type":"maestro"},
{"title":"Air Up There, The","author":"Fenelia Beccera","publishYear":1993,"ISBN":"3206064422","type":"jcb"},
{"title":"Bugsy Malone","author":"Torie Wey","publishYear":1988,"ISBN":"7869614122","type":"jcb"},
{"title":"Family Tree, The","author":"Evy Chesters","publishYear":1995,"ISBN":"6417131467","type":"jcb"},
{"title":"The Court-Martial of Jackie Robinson","author":"Natalie Buckles","publishYear":1992,"ISBN":"0588599344","type":"jcb"},
{"title":"The Hire: Ambush","author":"Wynn Trivett","publishYear":1993,"ISBN":"0411783971","type":"bankcard"},
{"title":"Detective (Détective)","author":"Reynold Sambedge","publishYear":1992,"ISBN":"6372727366","type":"bankcard"},
{"title":"Electric Dragon 80.000 V","author":"James Morl","publishYear":2012,"ISBN":"0909945373","type":"jcb"},
{"title":"Last Detail, The","author":"Roanne Krystek","publishYear":1995,"ISBN":"3885328933","type":"jcb"},
{"title":"Sick Girl","author":"Alyson Sexon","publishYear":2013,"ISBN":"4599392219","type":"instapayment"},
{"title":"Heartlands","author":"Andreana Bolus","publishYear":1985,"ISBN":"5803998745","type":"jcb"},
{"title":"My Brilliant Career","author":"Vanya Cordet","publishYear":2009,"ISBN":"3035157146","type":"jcb"},
{"title":"Beyond a Reasonable Doubt","author":"Justin Sutheran","publishYear":2004,"ISBN":"2422404162","type":"visa"},
{"title":"Monte Carlo","author":"Sergio Jolliffe","publishYear":1989,"ISBN":"6289066617","type":"solo"},
{"title":"Wings of the Dove, The","author":"Smith Brosini","publishYear":1995,"ISBN":"0026218887","type":"diners-club-us-ca"},
{"title":"Burrowers, The","author":"Edmon Linfitt","publishYear":2005,"ISBN":"1372844538","type":"mastercard"},
{"title":"California","author":"Sherilyn Della Scala","publishYear":2011,"ISBN":"9242588555","type":"jcb"},
{"title":"This Happy Breed","author":"Dulcy Doidge","publishYear":2009,"ISBN":"9198037072","type":"jcb"},
{"title":"Red Scorpion","author":"Janis Kumaar","publishYear":2004,"ISBN":"8615084114","type":"maestro"},
{"title":"E Aí... Comeu?","author":"Maddi Hardy-Piggin","publishYear":2007,"ISBN":"8449742722","type":"jcb"},
{"title":"Doomsday Prophecy","author":"Jany Threadgould","publishYear":1996,"ISBN":"9291242454","type":"diners-club-carte-blanche"},
{"title":"Hooper","author":"Alden Maxworthy","publishYear":1997,"ISBN":"4787095692","type":"visa"},
{"title":"Jury Duty","author":"Agosto Wennam","publishYear":2000,"ISBN":"5523536121","type":"diners-club-carte-blanche"},
{"title":"Caprice","author":"Christine Beaby","publishYear":2007,"ISBN":"4737840289","type":"jcb"},
{"title":"Koch","author":"Antonin Enderle","publishYear":2003,"ISBN":"9265841702","type":"mastercard"},
{"title":"Greening of Whitney Brown, The","author":"Tull Tappin","publishYear":2008,"ISBN":"6657154151","type":"switch"},
{"title":"Rainmaker, The","author":"Wolfy Miller","publishYear":2009,"ISBN":"3587966184","type":"jcb"},
{"title":"Tarzan and His Mate","author":"Monah Zorzoni","publishYear":2006,"ISBN":"3036910611","type":"jcb"},
{"title":"PK","author":"Charlton Lebarree","publishYear":2008,"ISBN":"1955303231","type":"jcb"},
{"title":"Snakes and Earrings (Hebi ni piasu)","author":"Bessie Bordes","publishYear":1993,"ISBN":"0554006677","type":"jcb"},
{"title":"Poker House, The","author":"Ahmad Ashingden","publishYear":1988,"ISBN":"2805240707","type":"jcb"},
{"title":"To.get.her","author":"Caro Kopfen","publishYear":1967,"ISBN":"4762468606","type":"jcb"},
{"title":"Pittsburgh","author":"Berky Westmacott","publishYear":1996,"ISBN":"3332676768","type":"bankcard"},
{"title":"Rugrats in Paris: The Movie","author":"Luciana Boggis","publishYear":1997,"ISBN":"6420409373","type":"diners-club-carte-blanche"},
{"title":"Rikyu","author":"Devin Greenless","publishYear":2010,"ISBN":"3885938197","type":"diners-club-carte-blanche"},
{"title":"Necessary Death, A","author":"Juli Jindrak","publishYear":2004,"ISBN":"6988867287","type":"jcb"},
{"title":"Superdad","author":"Hailee Velez","publishYear":1994,"ISBN":"3850731588","type":"visa-electron"},
{"title":"Salaam-E-Ishq","author":"Donica Hambers","publishYear":1993,"ISBN":"1383714088","type":"switch"},
{"title":"Live Nude Girls","author":"Nickolai Mumbray","publishYear":2012,"ISBN":"7693198652","type":"diners-club-enroute"},
{"title":"So Fine","author":"Damara Copsey","publishYear":2010,"ISBN":"4023836850","type":"jcb"},
{"title":"Big Nothing","author":"Claretta Le Leu","publishYear":2003,"ISBN":"3278258630","type":"jcb"},
{"title":"Pillow of Death","author":"Agathe Gowdridge","publishYear":2012,"ISBN":"6500984099","type":"jcb"},
{"title":"Fine Pair, A (Ruba al prossimo tuo)","author":"Tommy Rayson","publishYear":2008,"ISBN":"6144346791","type":"jcb"},
{"title":"Stone Left Unturned, A (Kovat miehet)","author":"Naoma Cunnah","publishYear":2010,"ISBN":"9627534293","type":"bankcard"},
{"title":"Careful","author":"Kiri Huntington","publishYear":1994,"ISBN":"8495218526","type":"diners-club-international"},
{"title":"Wooden Crosses (Les croix de bois)","author":"Nevin Gilhooley","publishYear":2008,"ISBN":"8950476681","type":"maestro"},
{"title":"Viy","author":"Cayla Koppen","publishYear":2002,"ISBN":"9771620886","type":"jcb"},
{"title":"Belle comme la femme d'un autre","author":"Marchall Dubois","publishYear":1997,"ISBN":"2639446231","type":"jcb"},
{"title":"Dead of the Nite","author":"Maggy Duesberry","publishYear":2002,"ISBN":"0418353794","type":"maestro"},
{"title":"So Big!","author":"Bealle MacInnes","publishYear":2003,"ISBN":"7012502851","type":"diners-club-carte-blanche"},
{"title":"Umberto D.","author":"Wendye Mixhel","publishYear":2006,"ISBN":"9916430012","type":"jcb"},
{"title":"Prancer","author":"Rosalia Littlewood","publishYear":1965,"ISBN":"1832696545","type":"maestro"},
{"title":"Reel Rock 7 ","author":"Alena Jarrold","publishYear":2010,"ISBN":"2874783242","type":"jcb"},
{"title":"Last Minute, The","author":"Burke Ohrt","publishYear":2006,"ISBN":"2464102962","type":"switch"},
{"title":"Beyond the Stars","author":"Batholomew Rillatt","publishYear":1999,"ISBN":"8303505300","type":"jcb"},
{"title":"I Are You, You Am Me (Tenkosei)","author":"Danit Shrubb","publishYear":1986,"ISBN":"5358724656","type":"jcb"},
{"title":"Glass Slipper, The","author":"Ailey Rudkin","publishYear":1988,"ISBN":"4457809349","type":"jcb"},
{"title":"St. Francisville Experiment, The","author":"Bertrand Pagram","publishYear":2001,"ISBN":"9067330175","type":"switch"},
{"title":"White Wedding (Noce blanche)","author":"Rene Corley","publishYear":2002,"ISBN":"3200765860","type":"jcb"},
{"title":"Boat, The","author":"Kristin Moreton","publishYear":1989,"ISBN":"0893664243","type":"china-unionpay"},
{"title":"Red Dawn","author":"Garold Lockhurst","publishYear":1996,"ISBN":"2275326219","type":"jcb"},
{"title":"Incredible Rocky Mountain Race","author":"Rickey Gateley","publishYear":2003,"ISBN":"8724310557","type":"instapayment"},
{"title":"Deep Sea 3D","author":"Danette Sedge","publishYear":1998,"ISBN":"3419440006","type":"jcb"},
{"title":"Ripley's Game","author":"Linc Gilbane","publishYear":1998,"ISBN":"2423515758","type":"jcb"},
{"title":"Alice in Wonderland","author":"Minni Camden","publishYear":1996,"ISBN":"6379701605","type":"solo"},
{"title":"Mississippi Masala","author":"Mara Croose","publishYear":1969,"ISBN":"8930331955","type":"maestro"},
{"title":"Charleston","author":"Jefferey Fidele","publishYear":1995,"ISBN":"9651529180","type":"jcb"},
{"title":"Instructions Not Included (No se Aceptan Devoluciones)","author":"Garey Quibell","publishYear":1994,"ISBN":"4181826791","type":"instapayment"},
{"title":"Honkytonk Man","author":"Trix Mannagh","publishYear":2010,"ISBN":"4388674184","type":"maestro"},
{"title":"Footnote (Hearat Shulayim)","author":"Anni Curner","publishYear":2005,"ISBN":"3145631888","type":"jcb"},
{"title":"Martha","author":"Hewet Eamer","publishYear":2007,"ISBN":"4576460722","type":"jcb"},
{"title":"Léon Morin, Priest (Léon Morin, prêtre)","author":"Daphna Vakhonin","publishYear":1993,"ISBN":"6000903898","type":"visa-electron"},
{"title":"For Those in Peril","author":"Neils Hillyatt","publishYear":2008,"ISBN":"2347993798","type":"jcb"},
{"title":"My Left Eye Sees Ghosts (Ngo joh aan gin diy gwai)","author":"Angele Orniz","publishYear":2003,"ISBN":"4429422540","type":"instapayment"},
{"title":"ATL","author":"Giana McNair","publishYear":2011,"ISBN":"0276134826","type":"americanexpress"},
{"title":"Days Between, The (In den Tag hinein)","author":"Elfrida Olenin","publishYear":1994,"ISBN":"5726000382","type":"jcb"},
{"title":"Hateship Loveship","author":"Sasha Riggs","publishYear":2011,"ISBN":"5580130511","type":"china-unionpay"},
{"title":"Hider in the House","author":"Jeffie Wellesley","publishYear":1990,"ISBN":"5475394474","type":"china-unionpay"},
{"title":"Bad Taste","author":"Aldis Biesinger","publishYear":1992,"ISBN":"8670932687","type":"mastercard"},
{"title":"Three to Tango","author":"Enid Brazel","publishYear":2002,"ISBN":"9103712656","type":"jcb"},
{"title":"Proposition, The","author":"Kali Paternoster","publishYear":2004,"ISBN":"6465694158","type":"jcb"},
{"title":"Nice Guy Johnny","author":"Saunderson MacDunlevy","publishYear":2011,"ISBN":"7167764302","type":"laser"},
{"title":"Football Factory, The","author":"Joshia Whordley","publishYear":2012,"ISBN":"4913654411","type":"jcb"},
{"title":"Cocoanuts, The","author":"Moe Gilluley","publishYear":1960,"ISBN":"9505867085","type":"diners-club-enroute"},
{"title":"Beyond Therapy","author":"Rodi Kelston","publishYear":1996,"ISBN":"8726085143","type":"laser"},
{"title":"The Auction","author":"Pavlov Road","publishYear":1994,"ISBN":"5264895287","type":"jcb"},
{"title":"Great Waltz, The","author":"Kendal Brotherwood","publishYear":1995,"ISBN":"6883950230","type":"jcb"},
{"title":"Hills Have Eyes Part II, The","author":"Wallache Rudloff","publishYear":2005,"ISBN":"2676147293","type":"visa"},
{"title":"Straight Time","author":"Miof mela Ranvoise","publishYear":1987,"ISBN":"1355091012","type":"americanexpress"},
{"title":"The Prisoner","author":"Gavra McCurdy","publishYear":1993,"ISBN":"6856437587","type":"jcb"},
{"title":"Rhapsody in Blue","author":"Chelsae Anglish","publishYear":1987,"ISBN":"7327660755","type":"jcb"},
{"title":"20,000 Leagues Under the Sea","author":"Doy Lacasa","publishYear":1998,"ISBN":"5596036269","type":"jcb"},
{"title":"Mr. Skeffington","author":"Douglas Enticknap","publishYear":2009,"ISBN":"4793855989","type":"laser"},
{"title":"Lie, The","author":"Haily Saulter","publishYear":2001,"ISBN":"3805459912","type":"jcb"},
{"title":"Enter the Phoenix (Da lao ai mei li)","author":"Daven Aitchinson","publishYear":2012,"ISBN":"5959566729","type":"solo"},
{"title":"Porky's Revenge","author":"Koral Jaksic","publishYear":2004,"ISBN":"6509923181","type":"visa-electron"},
{"title":"Nanny Diaries, The","author":"Gabrila Leeman","publishYear":2012,"ISBN":"0357950984","type":"diners-club-enroute"},
{"title":"Man in Grey, The","author":"Franciskus Michelmore","publishYear":1988,"ISBN":"7196471164","type":"visa-electron"},
{"title":"Christmas Comes but Once a Year","author":"Oriana Pervew","publishYear":1993,"ISBN":"9606673952","type":"jcb"},
{"title":"Guy and a Gal, A (En kille och en tjej)","author":"Nata O'Loughnan","publishYear":1989,"ISBN":"4117449893","type":"jcb"},
{"title":"Adventures of Robin Hood, The","author":"Lauree Cordaroy","publishYear":2008,"ISBN":"1669766594","type":"maestro"},
{"title":"In a Lonely Place","author":"Fredrick Elsworth","publishYear":2009,"ISBN":"9920284866","type":"jcb"},
{"title":"To Joy (Till glädje)","author":"Rip Coare","publishYear":2001,"ISBN":"1902004302","type":"diners-club-carte-blanche"},
{"title":"Wake Island","author":"Wallie Webby","publishYear":2009,"ISBN":"6177879853","type":"jcb"},
{"title":"Stolen Seas","author":"Arlina Kornes","publishYear":2005,"ISBN":"6428402246","type":"jcb"},
{"title":"Red Hook Summer","author":"Ellsworth Doubrava","publishYear":2001,"ISBN":"2048644996","type":"diners-club-us-ca"},
{"title":"Voyage to the Bottom of the Sea","author":"Cordelie Aimable","publishYear":1986,"ISBN":"6040662786","type":"bankcard"},
{"title":"Black Sunday (La maschera del demonio)","author":"Harman Whardley","publishYear":2003,"ISBN":"0321090942","type":"mastercard"},
{"title":"Man of La Mancha","author":"Maia Ormonde","publishYear":1987,"ISBN":"4759227830","type":"visa-electron"},
{"title":"Steal This Movie!","author":"Carlos Anscott","publishYear":1986,"ISBN":"8942492584","type":"switch"},
{"title":"Babylon 5: Thirdspace","author":"Bridie Cobson","publishYear":2005,"ISBN":"2554773831","type":"solo"},
{"title":"8 1/2 (8½)","author":"Jeanette MacRitchie","publishYear":2008,"ISBN":"2961783860","type":"jcb"},
{"title":"Perfect Crime, The (Crimen Ferpecto) (Ferpect Crime)","author":"Arlie Whicher","publishYear":1994,"ISBN":"2650393912","type":"jcb"},
{"title":"Get Educated: Paathshaala","author":"Daune Warke","publishYear":1996,"ISBN":"3494477906","type":"mastercard"},
{"title":"Friendly Persuasion","author":"Daffi Landsbury","publishYear":2010,"ISBN":"6896382449","type":"jcb"},
{"title":"Montana Sky","author":"Tanner Olland","publishYear":1965,"ISBN":"5205080728","type":"china-unionpay"},
{"title":"Hawking","author":"Brunhilde Regi","publishYear":2011,"ISBN":"7881512970","type":"jcb"},
{"title":"Escape from Alcatraz","author":"Norby Astle","publishYear":2002,"ISBN":"7789617974","type":"diners-club-us-ca"},
{"title":"Demon in My View, A (Der Mann nebenan)","author":"Collete Hintze","publishYear":2004,"ISBN":"6927293655","type":"jcb"},
{"title":"Three Musketeers, The","author":"Ynez Fishleigh","publishYear":1983,"ISBN":"1400665426","type":"maestro"},
{"title":"Dalton, Les","author":"Giffy Adds","publishYear":2001,"ISBN":"3665367824","type":"diners-club-carte-blanche"},
{"title":"13/13/13","author":"Ciel Woofenden","publishYear":2012,"ISBN":"6810253009","type":"mastercard"},
{"title":"Abbott and Costello Meet the Killer, Boris Karloff","author":"Bret Bostick","publishYear":2010,"ISBN":"0791830225","type":"jcb"},
{"title":"Cold Prey III (Fritt Vilt III)","author":"Dunn Simic","publishYear":2000,"ISBN":"8912935062","type":"solo"},
{"title":"Knute Rockne All American","author":"Dieter Thornthwaite","publishYear":2012,"ISBN":"8977517052","type":"jcb"},
{"title":"Cane Toads: The Conquest","author":"Jenda Pendall","publishYear":2002,"ISBN":"9271365216","type":"jcb"},
{"title":"The Fool","author":"Agosto Mechic","publishYear":1993,"ISBN":"7075611720","type":"jcb"},
{"title":"Afghan Star","author":"Zenia Crossgrove","publishYear":1992,"ISBN":"8258860895","type":"jcb"},
{"title":"Sound of the Mountain (Thunder of the Mountain, The) (Yama no oto)","author":"Eleni Akram","publishYear":2000,"ISBN":"7484030899","type":"maestro"},
{"title":"Reaching for the Moon","author":"Vivianne Arkell","publishYear":2009,"ISBN":"3990088114","type":"laser"},
{"title":"Food, Inc.","author":"Ly Sunock","publishYear":2000,"ISBN":"3677331730","type":"instapayment"},
{"title":"No God, No Master","author":"Brandi Spir","publishYear":2005,"ISBN":"5461022391","type":"jcb"},
{"title":"Lost Battalion, The","author":"Dru Pund","publishYear":1993,"ISBN":"6415042289","type":"jcb"},
{"title":"Fancy Pants","author":"Tedra Lamonby","publishYear":2005,"ISBN":"9506617910","type":"mastercard"},
{"title":"Porgy and Bess","author":"Lyman Bridgestock","publishYear":2006,"ISBN":"1970651458","type":"china-unionpay"},
{"title":"City Dark, The","author":"Zonnya Morican","publishYear":2004,"ISBN":"5920445467","type":"jcb"},
{"title":"Marley & Me: The Puppy Years","author":"Rosette Rousell","publishYear":1985,"ISBN":"2449176160","type":"jcb"},
{"title":"Inn in Tokyo, An (Tôkyô no yado)","author":"Maitilde Joll","publishYear":2000,"ISBN":"1959830562","type":"jcb"},
{"title":"Speed","author":"Noelle Tynan","publishYear":1986,"ISBN":"4845369680","type":"maestro"},
{"title":"Shivers (They Came from Within)","author":"Caitrin Skelbeck","publishYear":1985,"ISBN":"7526169245","type":"laser"},
{"title":"The Devil Thumbs a Ride","author":"Kenneth Hame","publishYear":1996,"ISBN":"4633418726","type":"jcb"},
{"title":"So Proudly We Hail!","author":"Dominik Gallatly","publishYear":1996,"ISBN":"6948454127","type":"laser"},
{"title":"White Stripes Under Great White Northern Lights, The","author":"Neda Kenney","publishYear":1997,"ISBN":"8670800616","type":"laser"},
{"title":"Stiff Upper Lips","author":"Nomi Reinhard","publishYear":2006,"ISBN":"9458315573","type":"jcb"},
{"title":"Padre padrone","author":"Preston Showen","publishYear":2008,"ISBN":"6340632408","type":"mastercard"},
{"title":"Tortured, The","author":"Winny Haycox","publishYear":1996,"ISBN":"8753066669","type":"visa"},
{"title":"Harry and Tonto","author":"Aile Ronald","publishYear":1994,"ISBN":"9029472707","type":"diners-club-international"},
{"title":"Warped Ones, The (Kyonetsu no kisetsu)","author":"Nisse Davidovicz","publishYear":2006,"ISBN":"6270952182","type":"diners-club-carte-blanche"},
{"title":"Ladies vs. Ricky Bahl","author":"Quent Buffham","publishYear":1986,"ISBN":"9293421690","type":"china-unionpay"},
{"title":"Rendez-vous","author":"Brandice Comerford","publishYear":1997,"ISBN":"3870752661","type":"maestro"},
{"title":"My Best Friend's Wife","author":"Aubine Camel","publishYear":2000,"ISBN":"5221942429","type":"switch"},
{"title":"Very Bad Things","author":"Vale Matzl","publishYear":1993,"ISBN":"9226905495","type":"china-unionpay"},
{"title":"Deuce Bigalow: European Gigolo","author":"Joby Main","publishYear":1996,"ISBN":"2445523192","type":"diners-club-enroute"},
{"title":"Shark Attack","author":"Ardyth Scurfield","publishYear":2010,"ISBN":"1025680421","type":"jcb"},
{"title":"Young Mr. Lincoln","author":"Cherish Durran","publishYear":2011,"ISBN":"6614219448","type":"mastercard"},
{"title":"Fred Claus","author":"Lewes Morris","publishYear":2012,"ISBN":"4256573895","type":"visa-electron"},
{"title":"Beautiful Girl","author":"Terra Jurries","publishYear":2005,"ISBN":"2346287172","type":"mastercard"},
{"title":"You, Me and Dupree","author":"Lorry Sugden","publishYear":2009,"ISBN":"0337123985","type":"switch"},
{"title":"Ingmar Bergman Makes a Movie (Ingmar Bergman gör en film)","author":"Corrie Mitchely","publishYear":1976,"ISBN":"7789859706","type":"visa"},
{"title":"Sign of Four, The","author":"Joann Broomer","publishYear":1997,"ISBN":"0835115496","type":"laser"},
{"title":"Carancho","author":"Sandra Seale","publishYear":1993,"ISBN":"0037349228","type":"jcb"},
{"title":"What Have You Done to Solange?","author":"Clary Toplin","publishYear":2003,"ISBN":"1599598558","type":"visa-electron"},
{"title":"Broadway Serenade","author":"Selinda Gammack","publishYear":2009,"ISBN":"2406494578","type":"americanexpress"},
{"title":"Thief Lord, The","author":"Madelina Addicott","publishYear":2003,"ISBN":"0638444977","type":"diners-club-enroute"},
{"title":"Sisters","author":"Iormina Fortman","publishYear":2006,"ISBN":"1964834295","type":"diners-club-enroute"},
{"title":"Roberta","author":"Wolf Janusik","publishYear":1991,"ISBN":"0770586015","type":"jcb"},
{"title":"Darjeeling Limited, The","author":"Hermon Skase","publishYear":2011,"ISBN":"2319559914","type":"instapayment"},
{"title":"This Could Be The Night","author":"Reggie Bridle","publishYear":1991,"ISBN":"8863154333","type":"jcb"},
{"title":"Much Ado About Nothing","author":"Jaquelin Vanezis","publishYear":1993,"ISBN":"7381309254","type":"diners-club-enroute"},
{"title":"Woman Is the Future of Man (Yeojaneun namjaui miraeda)","author":"Thatch Madders","publishYear":2002,"ISBN":"2464932345","type":"jcb"},
{"title":"Serial (Bad) Weddings (Qu'est-ce Qu'on An Fit Au Bon Dieu?)","author":"Frankie Gawthorp","publishYear":1992,"ISBN":"7132337769","type":"maestro"},
{"title":"Jumping the Broom","author":"Armin McKinna","publishYear":1993,"ISBN":"8740150151","type":"jcb"},
{"title":"It's Impossible to Learn to Plow by Reading Books","author":"Wiatt Acaster","publishYear":1994,"ISBN":"3885112469","type":"switch"},
{"title":"Criminal","author":"Iosep Mulrooney","publishYear":2009,"ISBN":"1869398505","type":"jcb"},
{"title":"Playing for Time","author":"Mame Tomet","publishYear":2009,"ISBN":"2334319309","type":"jcb"},
{"title":"Conspiracy","author":"Steve Guerre","publishYear":1997,"ISBN":"6477850834","type":"jcb"},
{"title":"If It's Tuesday, This Must Be Belgium","author":"Rabbi Libri","publishYear":1994,"ISBN":"5977288808","type":"diners-club-carte-blanche"},
{"title":"6th Man, The (Sixth Man, The)","author":"Raven Manley","publishYear":2009,"ISBN":"4499834503","type":"china-unionpay"},
{"title":"Orchestra Rehearsal (Prova d'orchestra)","author":"Zsa zsa Buscher","publishYear":1991,"ISBN":"1084790475","type":"mastercard"},
{"title":"Ernest in the Army","author":"Freedman Crewdson","publishYear":2000,"ISBN":"6208179971","type":"mastercard"},
{"title":"Song of Freedom","author":"Hesther Melmore","publishYear":2005,"ISBN":"6215371440","type":"jcb"},
{"title":"Cowboys, The","author":"Lolita Snowman","publishYear":1997,"ISBN":"4111550223","type":"jcb"},
{"title":"Ishq","author":"Adelaide Dauby","publishYear":1990,"ISBN":"4874516386","type":"jcb"},
{"title":"Consequences of Love, The (Conseguenze dell'amore, Le)","author":"Adelbert Tainton","publishYear":2012,"ISBN":"1489493441","type":"mastercard"},
{"title":"Guest, The","author":"Teddie Grenkov","publishYear":2010,"ISBN":"5438026351","type":"americanexpress"},
{"title":"Magnificent Bodyguards (Fei du juan yun shan)","author":"Rafa Muzzollo","publishYear":2004,"ISBN":"5041099510","type":"diners-club-us-ca"},
{"title":"Autumn Spring (Babí léto)","author":"Brady Dubery","publishYear":1992,"ISBN":"7575019987","type":"americanexpress"},
{"title":"In the Blood","author":"Jackquelin Hardan","publishYear":2009,"ISBN":"9170501351","type":"mastercard"},
{"title":"Orchestra Rehearsal (Prova d'orchestra)","author":"Barney Sainz","publishYear":2010,"ISBN":"9364955005","type":"laser"},
{"title":"Carmen","author":"Grady Dominy","publishYear":2010,"ISBN":"8897033423","type":"china-unionpay"},
{"title":"When Evening Falls on Bucharest or Metabolism","author":"Barron Arnfield","publishYear":1967,"ISBN":"3229808932","type":"americanexpress"},
{"title":"Wild Side","author":"Sig Volage","publishYear":1987,"ISBN":"1460848500","type":"jcb"},
{"title":"Cuenca Crime, The (Crimen de Cuenca, El)","author":"Kriste D'Elia","publishYear":1996,"ISBN":"3709341388","type":"jcb"},
{"title":"So Long Letty","author":"Phelia Barneveld","publishYear":1992,"ISBN":"6196935283","type":"jcb"},
{"title":"Love, Wedding, Marriage","author":"Laure Antosch","publishYear":1993,"ISBN":"2597764095","type":"diners-club-carte-blanche"},
{"title":"Fairly Odd Christmas, A","author":"Boonie Durtnall","publishYear":2003,"ISBN":"7879086897","type":"mastercard"},
{"title":"Thrust in Me","author":"Doralyn Hammersley","publishYear":1997,"ISBN":"6340477135","type":"switch"},
{"title":"Female Prisoner #701: Scorpion (Joshuu 701-gô: Sasori)","author":"Layton Suggey","publishYear":2012,"ISBN":"3248424117","type":"maestro"},
{"title":"Je, tu, il, elle (I, You, He, She)","author":"Bliss Mayzes","publishYear":1993,"ISBN":"4669807102","type":"bankcard"},
{"title":"Ascent of Money, The","author":"Neville Wallwood","publishYear":2007,"ISBN":"0941618188","type":"jcb"},
{"title":"Wild Child","author":"Niccolo Leversuch","publishYear":2012,"ISBN":"5964739644","type":"jcb"},
{"title":"Little Thief, The (La petite voleuse)","author":"Gaelan Challicum","publishYear":2008,"ISBN":"5462125798","type":"jcb"},
{"title":"Early Years: Erik Nietzsche Part 1, The (De unge år: Erik Nietzsche)","author":"Derek Durante","publishYear":1991,"ISBN":"0480419159","type":"switch"},
{"title":"Woo","author":"Valentino Dyson","publishYear":2009,"ISBN":"5222631923","type":"jcb"},
{"title":"Staying Together","author":"Robinia Flowith","publishYear":2010,"ISBN":"5080349697","type":"bankcard"},
{"title":"Tears of the Black Tiger (Fah talai jone)","author":"Hayyim Kunzler","publishYear":2012,"ISBN":"2374304833","type":"mastercard"},
{"title":"When We Were Kings","author":"Morrie McLaverty","publishYear":2009,"ISBN":"1035091798","type":"jcb"},
{"title":"Forty-first, The (Sorok pervyy)","author":"Kaitlynn Caldero","publishYear":1999,"ISBN":"4207153365","type":"visa-electron"},
{"title":"Quiet Earth, The","author":"Merill Pagon","publishYear":2006,"ISBN":"5627440872","type":"switch"},
{"title":"Homicide","author":"Judah Dartnall","publishYear":2012,"ISBN":"2592436650","type":"jcb"},
{"title":"Skulls, The","author":"Hebert Bastiman","publishYear":2006,"ISBN":"3338464894","type":"jcb"},
{"title":"Blow-Up (Blowup)","author":"Ring Swallow","publishYear":1993,"ISBN":"3158334240","type":"jcb"},
{"title":"Labyrinth of Passion (Laberinto de Pasiones)","author":"Jobina Collicott","publishYear":1996,"ISBN":"4827678618","type":"mastercard"},
{"title":"Million Dollar Arm","author":"Vinita Schimank","publishYear":2004,"ISBN":"0641534736","type":"jcb"},
{"title":"Along the Ridge (Anche libero va bene)","author":"Koenraad Hawkswood","publishYear":2007,"ISBN":"5925560612","type":"jcb"},
{"title":"Laurel Canyon","author":"Bonnibelle Gostling","publishYear":2008,"ISBN":"1542842298","type":"jcb"},
{"title":"Normal Adolescent Behavior","author":"Dorry O'Ruane","publishYear":2008,"ISBN":"9231662414","type":"jcb"},
{"title":"Another Stakeout","author":"Byrann Godman","publishYear":2011,"ISBN":"4766445988","type":"americanexpress"},
{"title":"Lesson of the Evil (Aku no kyôten)","author":"Olwen Overstall","publishYear":2007,"ISBN":"6458449879","type":"jcb"},
{"title":"A True Mob Story","author":"Adolf Dael","publishYear":2004,"ISBN":"7252886352","type":"switch"},
{"title":"Bugmaster (Mushishi)","author":"Sue Siddele","publishYear":1997,"ISBN":"0721034497","type":"diners-club-international"},
{"title":"30 Beats","author":"Joleen Adderley","publishYear":2007,"ISBN":"3484390905","type":"visa-electron"},
{"title":"Whiteout","author":"Rees Bignall","publishYear":1995,"ISBN":"2962878768","type":"jcb"},
{"title":"Bone","author":"Noelyn Rozec","publishYear":2000,"ISBN":"8918387172","type":"china-unionpay"},
{"title":"Congo","author":"John Housiaux","publishYear":2006,"ISBN":"8302813427","type":"mastercard"},
{"title":"Secret of the Grain, The (La graine et le mulet)","author":"Stanton Garrison","publishYear":1969,"ISBN":"9095396185","type":"jcb"},
{"title":"Happy Time, The","author":"Lloyd Pape","publishYear":1999,"ISBN":"5726274717","type":"switch"},
{"title":"Casshern","author":"Oran Geleman","publishYear":2007,"ISBN":"1136388001","type":"jcb"},
{"title":"Mondo","author":"Pen Pentland","publishYear":2012,"ISBN":"3979234967","type":"maestro"},
{"title":"Retreat","author":"Scarlett Weymouth","publishYear":1992,"ISBN":"2596455145","type":"jcb"},
{"title":"Fresh","author":"Audry Bernadon","publishYear":2009,"ISBN":"3308745615","type":"jcb"}]